ablation,n_cases,window_cases,outside_cases,mean_response_amplitude,mean_recovery_cost,mean_off_manifold_score,class_count_reversible_response,class_fraction_reversible_response,window_fraction_reversible_response,outside_fraction_reversible_response,class_count_fate_deflection,class_fraction_fate_deflection,window_fraction_fate_deflection,outside_fraction_fate_deflection,class_count_developmental_delay,class_fraction_developmental_delay,window_fraction_developmental_delay,outside_fraction_developmental_delay,class_count_off_manifold_collapse,class_fraction_off_manifold_collapse,window_fraction_off_manifold_collapse,outside_fraction_off_manifold_collapse
main_external_ot,20856,6303,14553,1.3480990855230397,1.3443868168358424,1.334341760012507,19505,0.9352224779439969,0.9060764715214977,0.9478458049886621,622.0,0.02982355197545071,0.048706964937331426,0.021645021645021644,583,0.027953586497890294,0.033793431699190864,0.025424311138596854,146.0,0.007000383582662063,0.01142313184198001,0.00508486222771937
shuffled_response_vectors,20856,6303,14553,1.3480990855230397,1.3450685711412633,1.3381258191557048,19740,0.9464902186421174,0.9338410280818658,0.9519686662543806,386.0,0.018507863444572305,0.029509757258448358,0.013742870885728028,523,0.025076716532412734,0.026971283515786135,0.02425616711330997,207.0,0.009925201380897584,0.00967793114389973,0.010032295746581462
no_stage_celltype_transfer,1896,573,1323,1.3074146094605152,1.3045045257442702,1.297624123738642,1811,0.955168776371308,0.9424083769633508,0.9606953892668179,34.0,0.017932489451476793,0.029668411867364748,0.012849584278155708,51,0.02689873417721519,0.027923211169284468,0.026455026455026454,0.0,0.0,0.0,0.0
global_mean_response,1896,573,1323,0.7207879400511155,0.7194895513967191,0.7180444496670788,1875,0.9889240506329114,0.9895287958115183,0.9886621315192744,6.0,0.0031645569620253164,0.005235602094240838,0.0022675736961451248,15,0.007911392405063292,0.005235602094240838,0.009070294784580499,0.0,0.0,0.0,0.0
no_external_rdeg_proxy,256,96,160,0.9297498977649297,0.8482312072568854,0.7813067905678375,57,0.22265625,0.0,0.35625,0.0,0.0,0.0,0.0,80,0.3125,0.3333333333333333,0.3,119.0,0.46484375,0.6666666666666666,0.34375
