claim,metric,n_inside,n_outside,mean_inside,mean_outside,mean_difference_inside_minus_outside,ci95_low,ci95_high,mann_whitney_p,mann_whitney_q_bh
competence_window_modulates_response,stimulus_response_norm,180,72,0.30117254712515407,0.8436673060059547,-0.5424947588808007,-0.666528249260866,-0.4247407619313647,3.367452483592793e-19,8.418631208981982e-19
competence_window_modulates_response,fate_displacement_from_baseline,180,72,0.3011725506848759,0.8436673093173239,-0.542494758632448,-0.6704197004292575,-0.4234686898967872,3.367452483592793e-19,8.418631208981982e-19
competence_window_modulates_response,cell_level_feedback_cost_proxy,180,72,0.28638753724831584,0.8054888465722783,-0.5191013093239625,-0.6400471178406976,-0.4005531200192086,7.709086755554382e-19,9.636358444442977e-19
competence_window_modulates_response,inverse_recovery_probability,180,72,0.6570960822008124,0.8649323799311941,-0.2078362977303817,-0.24400087260479633,-0.1716981973097021,7.708971791538282e-19,9.636358444442977e-19
competence_window_modulates_response,alignment_with_normal_transition,180,72,0.023115135978959096,0.021015183183610342,0.0020999527953487543,-0.028265806641292215,0.03191802708219458,0.879117517258602,0.8791175172586019
