claim,primary_model,competitor_model,n_paired_conditions,primary_mean_mse,competitor_mean_mse,mean_competitor_minus_primary_mse,ci95_low,ci95_high,relative_improvement_vs_competitor,primary_better_conditions,wilcoxon_p,wilcoxon_q_bh
external_perturbation_calibration,gene_context_ridge_residual,identity,39,0.22087359695862496,0.7889163165520399,0.5680427195934149,0.5027373622720822,0.6390272479886427,0.7200291180134879,39,3.637978807091713e-12,3.637978807091713e-12
external_perturbation_calibration,gene_context_ridge_residual,global_mean_shift,39,0.22087359695862496,0.7886369281854385,0.5677633312268134,0.5038201877512993,0.6399709945114759,0.71992993345261,39,3.637978807091713e-12,3.637978807091713e-12
external_perturbation_calibration,gene_context_ridge_residual,gene_context_shift,39,0.22087359695862496,0.7975475367827293,0.5766739398241043,0.5127928018856507,0.649242728537856,0.723059019341193,39,3.637978807091713e-12,3.637978807091713e-12
external_perturbation_calibration,gene_context_ridge_residual,gene_context_mlp_residual,39,0.22087359695862496,0.2817574955331973,0.06088389857457234,0.050954270238677664,0.07135933275119617,0.2160861717604203,39,3.637978807091713e-12,3.637978807091713e-12
