stage,stage_num,is_competence_window,mean_response,mean_fate_displacement,mean_recovery_cost,vulnerability_score,n_tests
Theiler stage 12,12,False,1.3001713438166513,1.3001713338825438,1.2413096862357311,0.6011733524950248,36
Theiler stage 13,13,False,0.38716326819525826,0.38716328475210404,0.3696680069088255,0.4880959705471063,36
Theiler stage 14,14,True,0.32032297303279234,0.3203229771720038,0.30502287899179936,0.5871494513452701,36
Theiler stage 15,15,True,0.38764377807577444,0.38764378180106474,0.36824516022638476,0.6049293945595217,36
Theiler stage 16,16,True,0.2774317297670576,0.2774317405290073,0.26373854781488415,0.5211190995375902,36
Theiler stage 17,17,True,0.24406138310829795,0.24406138435006136,0.2316465038879725,0.47117169250574176,36
Theiler stage 18,18,True,0.2764028716418478,0.276402869572242,0.26328459532053816,0.3293006611097032,36
