claim,primary_model,competitor_model,n_paired_strata,primary_mean_mse,competitor_mean_mse,mean_competitor_minus_primary_mse,ci95_low,ci95_high,relative_improvement_vs_competitor,primary_better_strata,wilcoxon_p,wilcoxon_q_bh
stage_conditioned_transition,context_residual_mlp,identity,6,0.31390176713466644,0.38130854070186615,0.0674067735671997,0.0345877185463905,0.09711245944102609,0.1767775079024602,5,0.0625,0.08333333333333333
stage_conditioned_transition,context_residual_mlp,mean_shift,6,0.31390176713466644,0.3855854372183482,0.07168367008368173,0.03800517717997233,0.09960614889860153,0.18590865516295144,5,0.0625,0.08333333333333333
stage_conditioned_transition,context_residual_mlp,ridge,6,0.31390176713466644,0.3254404825468858,0.01153871541221936,0.0016652594010035566,0.02111279731616373,0.035455685543229795,4,0.15625,0.15625
stage_conditioned_transition,context_residual_mlp,mlp,6,0.31390176713466644,0.3301703842977683,0.016268617163101826,0.0056812986731529,0.03021582961082459,0.0492733992411318,6,0.03125,0.08333333333333333
