metric,baseline,challenger,n,baseline_mean,challenger_mean,effect_baseline_minus_challenger,effect_ci_low,effect_ci_high,p_value,q_value
sinkhorn,M0b_ot_interpolation,M9_full_memory,5,0.25507592027895754,0.28392956975706046,-0.028853649478102962,-0.04674147549005294,-0.01101585306774145,0.96875,1.0
mmd_rbf,M0b_ot_interpolation,M9_full_memory,5,0.008784992468336318,0.01839458642472966,-0.00960959395639334,-0.0127757312080309,-0.006917800625124181,1.0,1.0
energy,M0b_ot_interpolation,M9_full_memory,5,0.3358826839307724,0.6379025250392125,-0.3020198411084401,-0.3701783997502709,-0.24244102013748686,1.0,1.0
celltype_composition_rmse,M0b_ot_interpolation,M9_full_memory,5,0.0034810292302347597,0.020009898147205798,-0.01652886891697104,-0.023795638642879542,-0.00926209919106254,1.0,1.0
