metric,baseline,challenger,n,baseline_mean,challenger_mean,effect_baseline_minus_challenger,effect_ci_low,effect_ci_high,p_value,q_value
sinkhorn,M0_ot_interpolation,M9_full_pheromone,5,0.2889196369015298,0.30297687522076805,-0.01405723831923833,-0.0242044251947534,-0.003910051443723262,0.96875,1.0
mmd_rbf,M0_ot_interpolation,M9_full_pheromone,5,0.00973880418123904,0.030950087097013756,-0.021211282915774718,-0.02419421946717084,-0.01836832708583632,1.0,1.0
energy,M0_ot_interpolation,M9_full_pheromone,5,0.3458312515110748,1.054231611571518,-0.7084003600604433,-0.7739963671109464,-0.6519662944881119,1.0,1.0
celltype_composition_rmse,M0_ot_interpolation,M9_full_pheromone,5,0.00381493340645472,0.009635502454437641,-0.005820569047982921,-0.007331338718417781,-0.00431827777438514,1.0,1.0
