metric,baseline,challenger,n,baseline_mean,challenger_mean,effect_baseline_minus_challenger,effect_ci_low,effect_ci_high,p_value,q_value
sinkhorn,M2_ot_teacher_force,M9_full_memory,5,0.27430559592537856,0.28392956975706046,-0.00962397383168193,-0.026210535568005965,0.006424518208998758,0.90625,1.0
mmd_rbf,M2_ot_teacher_force,M9_full_memory,5,0.016764812918675997,0.01839458642472966,-0.0016297735060536607,-0.004677040374328001,0.000949306681661764,0.84375,1.0
energy,M2_ot_teacher_force,M9_full_memory,5,0.568814760169866,0.6379025250392125,-0.06908776486934656,-0.13198092569450565,-0.021290769103628548,1.0,1.0
celltype_composition_rmse,M2_ot_teacher_force,M9_full_memory,5,0.00386851866694604,0.020009898147205798,-0.01614137948025976,-0.023614065970792627,-0.00847339246633084,1.0,1.0
