seed,density_effect,birth,death,birth_death_ratio
7,-0.000960775980688553,2689,2617,1.0275124188001528
17,0.0006557821210255105,3034,3439,0.8822332073277116
23,0.00010562847620921505,2569,3058,0.8400915631131458
42,0.0007531500447619079,2408,2751,0.8753180661577609
99,-0.00015890765534676678,2605,3062,0.8507511430437622
