local_density,birth_hazard,death_hazard,net_growth_hazard,event_birth_count,event_death_count
0.012308213453125317,0.47267717,0.47254547,0.00013171342,13267,14917
0.05897903985037757,0.4861883,0.48531193,0.0008763581,13267,14917
0.09602886411187389,0.49165145,0.49119842,0.00045304876,13267,14917
0.1316067154217919,0.50416255,0.5035622,0.00060035003,13267,14917
0.18171903551041393,0.51039803,0.5099363,0.00046175453,13267,14917
0.3859720400166053,0.45664757,0.45732504,-0.0006774581,13267,14917
0.7422932936358939,0.39434594,0.3959218,-0.0015758227,13267,14917
0.9508119706862871,0.38504812,0.38632336,-0.0012752368,13267,14917
