density_bin,local_density,predicted_birth_hazard,predicted_death_hazard,predicted_net_growth_hazard
"(0.999, 5000.875]",0.012308213453125317,0.5444582,0.5445778,-0.00011954132
"(10000.75, 15000.625]",0.09602886411187389,0.5617588,0.56185716,-9.8325305e-05
"(15000.625, 20000.5]",0.1316067154217919,0.5702699,0.5703891,-0.00011921356
"(20000.5, 25000.375]",0.18171903551041393,0.57623774,0.57635397,-0.00011619944
"(25000.375, 30000.25]",0.3859720400166053,0.53737164,0.5378045,-0.00043283042
"(30000.25, 35000.125]",0.7422932936358939,0.4882795,0.4887418,-0.00046232747
"(35000.125, 40000.0]",0.950811970686287,0.47847357,0.47859272,-0.00011916031
"(5000.875, 10000.75]",0.05897903985037757,0.55585974,0.55589104,-3.135547e-05
