seed,density_effect,birth,death,birth_death_ratio
7,-0.0008333304514379566,2607,2608,0.9996165644171779
17,0.0006405354684181517,3052,3448,0.8851508120649652
23,7.697733680118426e-05,2587,3073,0.8418483566547348
42,0.0006988155714704783,2383,2737,0.8706613080014615
99,-0.00011609711038270158,2638,3051,0.8646345460504753
