density_bin,local_density,predicted_birth_hazard,predicted_death_hazard,predicted_net_growth_hazard
"(0.999, 5000.875]",0.012308213453125317,0.5444179,0.54457945,-0.00016151991
"(10000.75, 15000.625]",0.09602886411187389,0.5616843,0.5618563,-0.00017201724
"(15000.625, 20000.5]",0.1316067154217919,0.57021326,0.57040066,-0.00018743647
"(20000.5, 25000.375]",0.18171903551041393,0.57614946,0.5764148,-0.00026532836
"(25000.375, 30000.25]",0.3859720400166053,0.5374021,0.53788173,-0.00047963482
"(30000.25, 35000.125]",0.7422932936358939,0.488363,0.48889315,-0.0005301729
"(35000.125, 40000.0]",0.950811970686287,0.47857705,0.47876742,-0.00019036204
"(5000.875, 10000.75]",0.05897903985037757,0.55582064,0.5558943,-7.3690244e-05
