perturbation,sender,receiver,branch_probability_shift,fate_entropy_shift,birth_hazard_shift,diffusion_shift,sender_receiver_specificity
lr_edge_knockout,neural,mesoderm_muscle,-0.05592939373056411,0.03229166666666667,-0.025833333333333337,0.019375,0.6458333333333334
lr_edge_knockout,mesoderm_muscle,mesoderm_muscle,-0.02686387316535442,0.01551025641025641,-0.012408205128205127,0.009306153846153846,0.3102051282051282
lr_edge_knockout,mesoderm_muscle,neural,-0.020185806919427056,0.011666666666666667,-0.009333333333333334,0.007,0.23333333333333334
lr_edge_knockout,neural,neural,-0.013324709365982063,0.007701200314836679,-0.006160960251869343,0.004620720188902007,0.15402400629673357
lr_receiver_shuffle,all,shuffled,-0.006716979005842643,0.0033584895029213214,-0.0033584895029213214,0.0016792447514606607,0.21626965060624131
