dataset_id,sampling_strategy,model,outcome,outcome_primary,n_clones,raw_effect,raw_p,bootstrap_ci_low,bootstrap_ci_high,covariate_adjusted_effect,adjusted_r2,n_adjusted,within_start_time_bin_effect,clone_size_matched_effect,time_span_matched_effect,permutation_q,support_tier
Jindal_2023_NatureBiotechnology_LSK_RNA,clone_fate_balanced_native,post_divergence_only,terminal_fate_entropy,True,59,0.23654116832356173,0.07127455195069829,-0.031507453554292075,0.4902711640596245,0.20079269858471496,0.13377645175586816,59,0.23654116832356173,0.20736892945285645,0.2669749024716105,0.04950495049504951,acceptable
Weinreb_2020_Science,cell_random_native,post_divergence_only,terminal_fate_entropy,True,95,0.3797084994937676,0.0001475772797863383,0.22885083158058675,0.5302614613840743,0.15774429421263414,0.4412528311457945,95,0.26491701311646443,0.4327092736372436,0.31348352598801793,0.009900990099009901,acceptable
Weinreb_2020_Science,clone_time_balanced_native,condensation_only,terminal_fate_entropy,True,258,0.1329270932596212,0.03282334825666277,0.028758698069027602,0.27255414643169606,0.1221071968031368,0.05576410677697341,258,0.1329270932596212,0.09950882384278631,0.12351791724669726,0.019801980198019802,acceptable
Weinreb_2020_Science,clone_time_balanced_native,condensation_plus_entropy,terminal_fate_entropy,True,258,0.11530879498025923,0.06441261566568758,-0.00621189220398034,0.26872765336239146,0.09824322650399055,0.05094814653982005,258,0.11530879498025923,0.09179619502400634,0.10360078381624273,0.07920792079207921,weak
Weinreb_2020_Science,max_feasible_native,condensation_only,terminal_fate_entropy,True,337,0.1723779822288688,0.0014906793300516346,0.06540153441964042,0.25929880839056696,0.16031308870638486,0.058942018580305344,337,0.1723779822288688,0.16282064071877983,0.17150719224049285,0.009900990099009901,acceptable
Weinreb_2020_Science,max_feasible_native,fate_entropy_only,terminal_fate_entropy,True,337,0.08930270885674359,0.10172245215688305,-0.032540066578763,0.17088317993997712,0.05234728412742422,0.03788544683984807,337,0.08930270885674359,0.08391208986821891,0.08744546305082397,0.07920792079207921,weak
Weinreb_2020_Science,max_feasible_native,condensation_plus_entropy,terminal_fate_entropy,True,337,0.1403429127570051,0.009892638326444525,0.030987930047405514,0.22441519177332,0.10943192509054764,0.04668403461857851,337,0.1403429127570051,0.13083207043606762,0.1346523084774406,0.019801980198019802,acceptable
