response,predictor,coef,abs_coef,r2,n
learned_sigma,ot_transition_entropy,0.02861154611112594,0.02861154611112594,0.9830578464648498,8000
learned_sigma,local_density,0.0010192225256462422,0.0010192225256462422,0.9830578464648498,8000
learned_sigma,fate_probability_max,-0.0034915966622241675,0.0034915966622241675,0.9830578464648498,8000
learned_sigma,cell_cycle_score,0.0,0.0,0.9830578464648498,8000
learned_sigma,cci_signal,-2.1124194557100434e-06,2.1124194557100434e-06,0.9830578464648498,8000
