seed,entropy_effect,no_entropy_proxy_r2,empirical_displacement_entropy_effect
7,0.026283392469770007,0.32902719102512856,0.9299008988385078
17,0.027060600879537433,0.29053283442404554,0.9273096110014855
23,0.026820715156758324,0.3406638500167142,0.9655700344496664
42,0.026474397948591123,0.3688277369867775,0.9533002530421675
99,0.026164268571851057,0.344415778549087,0.9551687077861823
