term,coefficient,std_error,t_stat,p_value
intercept,-1.3730018352002367,0.19561598852168258,-7.018863057035083,3.071232157481063e-11
clone_pre_event_condensation_exposure,-0.0529902224322052,0.01735959265959268,-3.0525037926465117,0.002564011041911396
clone_size,0.0002465532036424606,7.779673902964739e-05,3.1691971503908687,0.0017578916020966062
clone_time_span,0.033502775074298545,0.00479161924063945,6.991952697357385,3.5884406557329385e-11
clone_start_time,0.05259750541892483,0.0066042992436962916,7.964131163367315,1.0547118733938987e-13
