control,mean_null_spearman,ci_low,ci_high,control_signal_abs_ge_observed
clone_id_shuffle,-0.007672318396411124,-0.015672549124710278,0.0005063781321280521,False
time_shuffle,-0.23055354595478547,-0.23724589068967572,-0.22368120826130042,False
branch_label_shuffle,-0.0007315234397930986,-0.010809474013627111,0.008399164032564277,False
order_parameter_shuffle,0.0017294744420819203,-0.008097163028021692,0.010541060713339946,False
random_teacher_velocity,-0.002178952376739911,-0.012019313979469056,0.0074534623178703074,False
