dataset,neighbor_rule,k,affected_cells_by_graph_distance,response_attenuation_final,propagation_speed_proxy,branch_composition_shift,fate_entropy_shift,alignment_wave,density_response,interpretation
internal,topological,2,285,0.050328437500000024,47.5,0.002868720937500001,0.8534600045999187,5.280107714702059,0.057,localized_response
E1,topological,2,142,0.050328437500000024,23.666666666666668,0.003970354513888891,0.8742099025351656,8.3818467015205,0.07888888888888888,localized_response
L2,topological,2,167,0.050328437500000024,27.833333333333332,0.0026265153320312513,0.7420166513777636,12.944255438743841,0.0521875,localized_response
E2,topological,2,114,0.050328437500000024,19.0,0.003187467708333335,0.0,6.395900493238612,0.06333333333333334,localized_response
