dataset,k,J_pairwise_label,h_velocity_alignment,pair_count,same_label_rate,random_same_label_rate
internal,2,5.046137286800644,0.06659860657744615,10000,0.9874,0.3352
E1,2,4.123073464409667,0.4648534669015996,3600,0.8030555555555555,0.06194444444444445
L2,2,1.24720119813661,0.4832567792180592,6400,0.9225,0.77375
E2,2,1.269602237399638,0.8922416246906523,3600,0.7394444444444445,0.4436111111111111
