dataset,k,observed_lineage_separation_effect,predicted_lineage_separation_effect,observed_alignment_effect,predicted_alignment_effect,condensation_direction_match,alignment_direction_match
internal,2,-0.38623049136083176,-0.8346051449769251,0.006210896629258382,0.04343961345544334,True,True
E1,2,-1.117968385514307,-0.8048046730254667,0.08823687178834416,0.04521769735640152,True,True
L2,2,1.6210529335202568,-0.5550020172518577,-0.3254205657475524,0.03306321636207029,False,False
E2,2,1.5086143390913873,-0.5593941601213195,0.0,0.04182860619019946,False,False
