seed,paired_branch_probability_effect,paired_diffusion_effect
7,0.0,0.01655384227635312
17,0.0,0.01702531717228935
23,0.0,0.01786935212783463
42,0.0,0.02056370652793117
99,0.0,0.017539347344651745
