seed,paired_branch_probability_effect,paired_diffusion_effect
7,0.0,0.01707890142644827
17,0.0,0.016171070038040046
23,0.0,0.01753364247671173
42,0.0,0.01672291885439573
99,0.0,0.0178742107374016
