seed,variant,step,time,local_velocity_alignment_A,branch_cohesion_C,lineage_separation_S,fate_entropy_H,branch_imbalance_B,local_density_mean,local_density_var,n_agents,per_lineage_counts
7,static_teacher,12,12.0,0.6844233079829405,0.8976600289848822,1.34447570193865,0.1650823746676558,0.001,0.2995875262262594,0.1215748260116951,1000,{}
7,static_teacher,13,13.0,0.4228516563946234,0.8950270062454191,1.8200921237499743,0.1638612563486492,0.001,0.3213804168232892,0.116721972295052,1000,{}
7,static_teacher,14,14.0,0.4022859011528351,0.90012498667372,1.1809917955039384,0.1455624181675578,0.001,0.3235671850032758,0.1108278534447149,1000,{}
7,static_teacher,15,15.0,0.0,0.9051842919579616,0.0,1.0000000026750793,0.001,0.3430868362788834,0.1150215852602544,1000,{}
7,static_teacher,16,16.0,0.3671662716975027,0.9021803891893472,2.0909401385651747,0.0928052434401947,0.0019980019980019,0.3481402730500192,0.1336856405614639,1001,{}
7,static_teacher,17,17.0,0.3866713052486009,0.8702196856126835,0.986820058626062,0.070966328220648,0.0,0.3406490675191788,0.1177327435051552,999,{}
7,static_teacher,18,18.0,0.3545646357569126,0.8614075599623837,0.564873061643197,0.0819656136501301,0.001,0.3072531242820188,0.0903540632977719,1000,{}
7,static_teacher,19,19.0,0.0,0.8665820052135298,0.0,5.0301678582945225e-11,0.001,0.2760472522979131,0.0623382363760858,1000,{}
