time_numeric,local_velocity_alignment_A,branch_cohesion_C,lineage_separation_S,fate_entropy_H,branch_imbalance_B,n_cells
12.0,0.6844233079829405,0.8976600289848822,1.34447570193865,0.16508237466765582,0.0010000000000000009,1000
13.0,0.42285165639462347,0.8950270062454191,1.8200921237499743,0.16386125634864926,0.0010000000000000009,1000
14.0,0.40228590115283513,0.90012498667372,1.1809917955039384,0.14556241816755788,0.0010000000000000009,1000
15.0,0.0,0.9051842919579617,0.0,1.0000000026750793,0.0010000000000000009,1000
16.0,0.36716627169750277,0.9021803891893471,2.0909401385651747,0.09280524344019474,0.001998001998001986,1001
17.0,0.3866713052486009,0.8702196856126835,0.986820058626062,0.07096632822064806,0.0,999
18.0,0.35456463575691266,0.8614075599623837,0.564873061643197,0.08196561365013019,0.0010000000000000009,1000
19.0,0.0,0.8665820052135298,0.0,5.030167858294523e-11,0.0010000000000000009,1000
